,FORE-SCE-A1B,FORE-SCE-A2,FORE-SCE-B1,GCAM-26,GCAM-45,GCAM-ref,LUCAS-BAU_High-0001,LUCAS-BAU_High-0002,LUCAS-BAU_High-0003,LUCAS-BAU_High-0004,LUCAS-BAU_High-0005,LUCAS-BAU_High-0006,LUCAS-BAU_High-0007,LUCAS-BAU_High-0008,LUCAS-BAU_High-0009,LUCAS-BAU_High-0010,LUCAS-BAU_Low-0001,LUCAS-BAU_Low-0002,LUCAS-BAU_Low-0003,LUCAS-BAU_Low-0004,LUCAS-BAU_Low-0005,LUCAS-BAU_Low-0006,LUCAS-BAU_Low-0007,LUCAS-BAU_Low-0008,LUCAS-BAU_Low-0009,LUCAS-BAU_Low-0010,LUCAS-BAU_Med-0001,LUCAS-BAU_Med-0002,LUCAS-BAU_Med-0003,LUCAS-BAU_Med-0004,LUCAS-BAU_Med-0005,LUCAS-BAU_Med-0006,LUCAS-BAU_Med-0007,LUCAS-BAU_Med-0008,LUCAS-BAU_Med-0009,LUCAS-BAU_Med-0010
2000-10-01,365.3,365.3,365.3,365.3,365.3,365.3,365.3,365.3,365.3,365.3,365.3,365.3,365.3,365.3,365.3,365.3,365.3,365.3,365.3,365.3,365.3,365.3,365.3,365.3,365.3,365.3,365.3,365.3,365.3,365.3,365.3,365.3,365.3,365.3,365.3,365.3
2001-10-01,365.2,365.2,365.2,365.2,365.2,365.2,365.40036888542596,365.3892377097994,365.3636054233269,365.38585478782653,365.3762886433211,365.3761277094343,365.3722377099087,365.40036888542596,365.3879548222646,365.3666197082372,365.38590113271164,365.37630672291914,365.3762886433211,365.3948670006095,365.41008382587205,365.3821190166091,365.40366964284055,365.39186493852606,365.3610571336902,365.37398888449707,365.34758774826344,365.3680524951623,365.40212837832706,365.38313945288957,365.39453808773425,365.3761053857991,365.3949074887235,365.38462546003996,365.3878138353521,365.39606993048534
2002-10-01,365.2,365.2,365.2,365.2,365.2,365.2,365.6743718994272,365.6529210080676,365.6123374881744,365.6534420909428,365.6341626187254,365.62553364249254,365.6523365192781,365.6743718994272,365.63055535695145,365.6150441652756,365.6723639605941,365.61567805465694,365.6341626187254,365.66192600598754,365.6923335132441,365.66024842300243,365.6922485476213,365.66560320949293,365.6155472534335,365.6304070702951,365.57784484056634,365.60792343494757,365.68769698759246,365.6501007605335,365.6816846299936,365.66396806687885,365.67569773661734,365.6691446038111,365.65146598238806,365.6848640079471
2003-10-01,365.3,365.3,365.3,365.3,365.3,365.3,366.11910796823645,366.08151849024296,366.0343965672591,366.0838674661769,366.084615577131,366.0556869105322,366.1256875917408,366.11910796823645,366.07438267114213,366.0564210677899,366.14010257746975,366.0257502032644,366.084615577131,366.10684966449236,366.1801938485922,366.11378026963246,366.1559917763444,366.1400201557112,366.0440376630875,366.04361572882567,365.9709656557146,366.0207545309148,366.1477575343978,366.10490981722313,366.16754080265525,366.1276421836088,366.12988793456094,366.12098822829455,366.09188655195356,366.1714038956833
2004-10-01,365.3,365.3,365.3,365.3,365.3,365.3,366.5280524336296,366.51557806374757,366.4487855380871,366.4899975408072,366.5263051654157,366.4927735859391,366.6011176993786,366.5280524336296,366.5003933434048,366.4804928941436,366.61038237632454,366.424158337271,366.5263051654157,366.5301551026264,366.6346515376132,366.5631811035674,366.6060526429293,366.59560438194023,366.47984280905155,366.43173708082725,366.3780951162014,366.41435001173016,366.60377108741983,366.5371328261129,366.6494897512795,366.5642117655355,366.56070166849105,366.55062975917747,366.4900489562121,366.64093682888915
2005-10-01,365.2,365.2,365.2,365.2,365.2,365.2,366.92026100242146,366.9503527119238,366.8309938822589,366.8740905769747,366.95854917914966,366.9268853155203,367.0623148737355,366.92026100242146,366.9166862285771,366.8829478417073,367.0607347626784,366.8148874347296,366.95854917914966,366.9694482073421,367.05809783219917,367.0050926942934,367.01377893921403,367.0686756930584,366.89724534016415,366.84107483799914,366.7714346359998,366.7792016022526,367.032952603982,366.936050114111,367.1219260695667,366.9942623760151,366.9767654605406,366.96932459958714,366.86386149154936,367.1021464807151
2006-10-01,365.26658609522696,365.33269186951475,365.2406889445655,365.28980799434635,365.28980799434635,365.2900340779489,367.44197768212746,367.51762191504116,367.34941600084454,367.3902289791965,367.52317349834595,367.4870762286806,367.66788141884075,367.44197768212746,367.4402152818865,367.4090879964025,367.66323303872144,367.3368331226776,367.52317349834595,367.50864879204903,367.5883294933015,367.5492687334548,367.5335380143671,367.66361941330103,367.4472206862619,367.3800651731081,367.25679129177354,367.2733185447671,367.5819744847048,367.46665974915754,367.7134739659637,367.587563908542,367.50814674641276,367.53542592857514,367.3710887739519,367.68422092237694
2007-10-01,365.50329282247026,365.69973694468734,365.4233327303556,365.57667364499787,365.5768831499669,365.5765270815736,368.08809069331016,368.20922925749136,367.9817375095332,368.02702489364503,368.20253176137953,368.152313260327,368.43076612164765,368.08809069331016,368.10915074140974,368.0733086051159,368.4037286049573,367.98596118711566,368.20253176137953,368.1663365300359,368.23326921775407,368.23578230071934,368.2006237067155,368.37470833715463,368.12091883026494,368.04460163724815,367.8655073098354,367.9088192902514,368.27447194196264,368.13184418078947,368.4381667175025,368.31545062147603,368.1870106714465,368.2417735313852,368.00956499501086,368.4097958731872
2008-10-01,365.71030878452154,366.0998964561444,365.54976175934644,365.86123459005955,365.86403872891066,365.85952347891526,368.6954995749208,368.83823239403483,368.5356230567732,368.57555964378935,368.80036142685054,368.76257023035504,369.14477528417723,368.6954995749208,368.7265670625035,368.65957607055236,369.0743057347725,368.5381081221171,368.80036142685054,368.7526141811614,368.77879112596077,368.8372551325182,368.7662858627444,368.9920656661327,368.7166063604498,368.65508116458176,368.4266183302391,368.45679756225115,368.8438275137186,368.718462373452,369.06738366863505,368.9567297202135,368.77906946502964,368.87286329120946,368.5535893522862,369.07009776477827
2009-10-01,365.88859619060156,366.5345181766575,365.6182076291065,366.1425797133373,366.14925356293,366.14092126583444,369.2183132926375,369.39236048485566,369.0013147513003,369.0546851587123,369.3312334675715,369.2944258691145,369.7724310631229,369.2183132926375,369.27672298924045,369.19355355810063,369.653275447954,369.02099011915845,369.3312334675715,369.23803224501256,369.24812097885194,369.3675281698428,369.2344346001104,369.5334403405857,369.23698340670563,369.1625882532109,368.8981415863845,368.9346476591446,369.3435474733142,369.2199467490317,369.62370219188426,369.516694550378,369.30228780924347,369.4419398992674,369.0138451992142,369.6424534007808
2010-10-01,366.36105967349795,367.24620048152616,365.85296480272626,366.6249951741205,366.6332859963991,366.62384050047024,369.86885262568615,370.0611602968139,369.589292988092,369.63629912234876,369.9915205899135,369.9544952723532,370.5196516833406,369.86885262568615,369.95029615460646,369.8584006436649,370.31947349540815,369.6280256952657,369.9915205899135,369.87351874239226,369.8485498624048,370.0127610135431,369.8184140202652,370.20083571578664,369.88878534079174,369.7723555462383,369.48824353934134,369.53701861407467,369.94348379392113,369.82047901732835,370.2882710383762,370.23000930355727,369.94266734187715,370.1246067629287,369.6010615464656,370.3099678636628
2011-10-01,367.13263662233953,368.23715958074393,366.25400456479235,367.3348417532102,367.3447657912169,367.334389327283,370.43698668635795,370.64688256789583,370.14502056208073,370.1493146495178,370.6025502072438,370.5836801353095,371.23465498353875,370.43698668635795,370.55978645758745,370.48603661028267,370.9199991467276,370.1825226880236,370.6025502072438,370.4265998278651,370.35503702241004,370.593428479002,370.3431310458358,370.77562812673483,370.51938111748734,370.3042091171634,370.0513110627088,370.103942769069,370.47954943330126,370.36784317064826,370.9005779027416,370.87271801165696,370.50034891170833,370.768218374457,370.11659924093226,370.8935290166363
2012-10-01,367.99565766071225,369.30039243731983,366.6196344960059,368.04517561578695,368.0594250949493,368.04609288730524,370.9007574055116,371.12470342651307,370.6003267189989,370.583157522488,371.1068210934021,371.2040017544408,371.8679799079424,370.9007574055116,371.08698541465844,371.0347884853651,371.3620680670484,370.6281400477641,371.1068210934021,370.9066514372632,370.8238587398786,371.04786944651676,370.8357953393315,371.2016653666698,371.00824614897067,370.68574431775005,370.5100091389583,370.5354534587718,371.00803161743,370.79129460365857,371.3684007436381,371.3451484338721,371.04358914068905,371.36903813382685,370.5382674144337,371.4441541248142
2013-10-01,368.95403617368345,370.4399209312993,366.9502293837462,368.78719831454816,368.8045610167661,368.78731010039667,371.2834282846134,371.5820941002743,370.9212587376382,371.0103716632122,371.5000932357977,371.7370988284689,372.3921575861625,371.2834282846134,371.5696270705998,371.48573999069265,371.7989845788924,371.0422639783589,371.5000932357977,371.30495386567725,371.16049640453207,371.3564016549829,371.2545967397224,371.56067723260446,371.40889875304407,371.0899204832791,370.8648087857456,370.8679866411945,371.4922498878069,371.0843387833569,371.77459813497575,371.74708506846343,371.5954941125543,371.91306002188657,370.9671689217531,371.8535155299934
2014-10-01,370.20898972274716,371.8544565916724,367.4475568217025,369.787120203246,369.80612877566534,369.7868754824682,371.7611690158102,372.07982891465554,371.38693800027596,371.50237210442464,371.9930990045185,372.38315645833933,372.9918241557714,371.7611690158102,372.1563094331032,372.08991618924375,372.2968277011004,371.6054226617829,371.9930990045185,371.808263562313,371.58913651242074,371.75924209157586,371.75166065671874,372.0792918607129,371.97406537530105,371.62383002693275,371.3025933506134,371.33048083886905,372.0641842213859,371.4635578431363,372.35205480963,372.314088340216,372.3210388225654,372.5524821846311,371.4678772782884,372.3218186261282
2015-10-01,371.71608623582654,373.56234666007293,368.1155567828722,371.0294749754755,371.0521204893829,371.0295058678581,372.3169084598475,372.61887263463507,371.9678294520599,372.0796157423694,372.5314835680965,373.13700422434715,373.68600706643576,372.3169084598475,372.84382214855816,372.79434445383225,372.95995991382546,372.34231105531137,372.52287265634595,372.35614948476314,372.1181241267182,372.34820337270446,372.4351004669742,372.6343443472314,372.59184789586845,372.192767084772,371.88333434791014,371.88414789354454,372.7049411307754,371.9466278945081,372.97686185715753,372.93726433103257,373.2182470812403,373.26366084812594,372.0877654910023,372.87219559975864
2016-10-01,373.205128010667,375.2226237207548,368.70798168115346,372.43858706848766,372.38654929179955,372.39149264390585,372.8819068484739,373.1968189014093,372.5525156741534,372.6876508740946,373.0634278679304,373.85525445315136,374.4021715207665,372.8819068484739,373.49369881765386,373.49476319099693,373.5182285328214,373.01624700096875,373.04910592521514,372.8468930119478,372.65529589192954,372.9805037016713,373.16461742594987,373.1300291219315,373.1568915259303,372.6395995123344,372.4344477749968,372.35325795089364,373.29028551814247,372.34776927328824,373.5383893024815,373.45535796114666,374.0242767293951,373.8966235015227,372.62781505289087,373.3652253048487
2017-10-01,374.67171070231836,376.83964563842403,369.22470036810125,374.0182193500562,373.8051704402088,373.8545387899334,373.4174678776564,373.7390794466328,373.17181188950417,373.2417281201882,373.541586840728,374.5372568664108,375.0108162452838,373.4174678776564,374.04181569176615,374.1046844297844,373.9863882181754,373.6087400009411,373.60952791794006,373.2511659773355,373.10812058640056,373.4972262599036,373.8170737435818,373.57511886460753,373.73964778040784,373.0084096046295,373.0118372510792,372.8379488988679,373.8099010143809,372.66851557263146,374.0182041050741,373.92350295096975,374.7442600799329,374.48154667995135,373.20691046584693,373.8714993532634
2018-10-01,376.3197231529456,378.6131790959436,369.8665213342189,376.0672602276977,375.52652272584356,375.59638090210944,374.0564133501538,374.40735469560536,373.9719568406962,374.060978707838,374.1811628922577,375.3316078581531,375.7768522947024,374.0564133501538,374.72070833323386,374.8877675879055,374.6956108707822,374.3595835858701,374.28750231954075,373.76002772330617,373.7217758418158,374.1197237968563,374.616519786744,374.18388133941096,374.57998104675823,373.4766163611222,373.7834336681454,373.4860260113523,374.5070459013263,373.18307824875853,374.63829433930266,374.64585792757686,375.60483799741814,375.21592628687546,373.93656764780854,374.4813882803941
2019-10-01,378.1494401728659,380.54690160080986,370.6349329065529,378.43448990756366,377.5745877722532,377.65761365307276,374.9362013174092,375.20744325575316,374.94650699293715,375.01228581789474,375.06191028979504,376.3749437440093,376.79158038827995,374.9362013174092,375.6210015499201,375.81789609704657,375.5462281820245,375.29881609178227,375.0821814539528,374.390825884527,374.5508478112924,374.98789031941214,375.68307179782215,374.92748484447964,375.5562285517557,374.22586703358286,374.70676270196293,374.2812061453909,375.3460671237234,373.9413268545034,375.5115167090729,375.53881708002666,376.7128287462823,376.1633194154575,374.8399343217469,375.3386858869565
2020-10-01,379.7891754975135,382.30979300091104,371.29038128346735,381.0544154579478,379.75718511058983,379.8448420849663,375.7513109131791,376.0333838039652,375.99657514042923,376.0233233386686,375.8485903542395,377.3833963915467,377.7513441689888,375.7513109131791,376.50440975570325,376.7636075313925,376.3889662046768,376.2474986067408,375.9209424743189,375.0259514689916,375.31691238064025,375.88494947052925,376.78516377649646,375.6918517141065,376.4460717363522,375.0151116847665,375.65583829963776,374.9721739212172,376.1618229165823,374.6215248769025,376.314404581443,376.33777582284904,377.87127355886213,377.087579618921,375.69800333425985,376.1788070363326
2021-10-01,381.2378220489431,383.90546735381383,371.83387469391675,384.0596965769375,382.20487931793,382.22678163541826,376.54510287268033,376.9003974695391,377.08510985234244,376.9464956533351,376.58018097183486,378.32449014702144,378.6795422302982,376.54510287268033,377.326570843301,377.6744503771381,377.16985765343765,377.23962711020306,376.6918123343258,375.6175531418734,376.0221242107525,376.7981031916855,377.80398649265084,376.41563797676116,377.23216754385965,375.75604959361766,376.5324224314258,375.61818504434774,377.0108284932261,375.2177465681083,377.04251470258293,377.1891291929102,379.0175301898882,377.9656092816055,376.6127534212515,376.95772923048423
2022-10-01,382.7044032626835,385.5418024354319,372.46753800213975,387.8909016309286,385.28282801913304,385.0295981870134,377.4486038779509,377.898762550173,378.3534612205041,377.9996970885378,377.51351271972,379.3118045189721,379.74822548843997,377.4486038779509,378.35401258603736,378.66324506922945,378.0629524494991,378.4485627228837,377.57768505245326,376.21536515215,376.73481576952383,377.8298859902105,378.8146162463401,377.26322948024165,378.1233330006552,376.6915823840239,377.4994782318001,376.5096274670044,377.9384474276509,375.9221294905671,377.89721742974837,378.14817182683487,380.1586443072065,378.9618989432165,377.6808758723308,377.77845818601753
2023-10-01,384.1952522394623,387.22165134483316,373.1945548420795,392.3325513509102,388.90074314822016,388.27057751662335,378.54692291927034,379.00712306024633,379.8454072545561,379.0771802394721,378.63692284185447,380.4740277847598,380.97285964110506,378.54692291927034,379.5274318277356,379.8110618108517,378.9316755390336,379.70473514335345,378.5592160831863,376.87416044777837,377.54048342642943,379.0072542284336,379.95821758776367,378.14742763737104,379.1082543163585,377.70596443276924,378.5503022174169,377.5673219438246,378.89002519634835,376.83785517657566,378.8590536407478,379.1559469011752,381.38662568867846,380.0054266042027,378.8109231243236,378.8191241878998
2024-10-01,385.49519423505063,388.73255744036067,373.8100831259087,397.2114727781182,392.7962814357713,391.72260442148917,379.54093489105014,380.1140501006278,381.26883964288595,380.09567792866136,379.6118520949769,381.50451029519803,382.1871968095651,379.54093489105014,380.61132605436865,380.8124418554418,379.69083039157806,380.8577761083739,379.4322686686827,377.4039610844728,378.28471624452834,380.0176732232405,380.98231604783376,378.84899481097517,379.96169512153244,378.59648479592545,379.5714864669715,378.5095183817631,379.8044352443436,377.63998727081884,379.6194675293385,379.9841732028889,382.4085757322876,381.05413216114323,379.8917877026321,379.82519584574305
2025-10-01,386.72648728981187,390.00304268869456,374.2827806744623,402.59856986015996,397.0050872643515,395.34401368474835,380.5282625727664,381.22520845111467,382.67907495018596,381.03663551821717,380.6221655606966,382.5074770185217,383.2836592206947,380.5282625727664,381.5636459535324,381.74425040259814,380.26467626667556,381.82431960207657,380.2569469481712,377.7974597156639,378.90631484419237,380.81754685511726,381.8559987654015,379.44123567491266,380.7416314719523,379.4238648036192,380.4122641367952,379.34192685205096,380.65169308465045,378.41907305736856,380.34862689528273,380.83716753326695,383.2373786567877,382.01876264500686,380.93977789002764,380.7407395890672
2026-10-01,388.09265703358716,391.2426102050398,374.8181676077819,408.51172785944664,401.62229923884286,399.1000866965768,381.6447460812486,382.31565453734277,384.0906876951907,382.0010545832216,381.7656542167727,383.6910910931264,384.4660426943017,381.6447460812486,382.65352028308234,382.75775634023046,380.9523181603876,382.8928589024798,381.09223804380395,378.34394111577825,379.59876692955424,381.59434798952213,382.7242938701889,380.13124557156533,381.68327058293875,380.3905630863081,381.4266370463264,380.30619347124264,381.5912444689064,379.3346177911231,381.2253363129064,381.8964010184005,384.1962414284201,383.0948976683705,382.1758076902004,381.77928661880384
2027-10-01,389.60356798559724,392.4517839705486,375.41785550917115,414.99065331293434,406.56275024043464,403.11986578467366,382.86245767058443,383.511296767257,385.62350617620535,383.08754523245324,383.014453896689,384.9917001701227,385.8496872669058,382.86245767058443,383.879583341646,383.90520166930617,381.7430243221395,384.1431922585713,381.94621179980874,379.10996561653235,380.4068904639908,382.5077472225272,383.73481186245164,380.87536946883574,382.65955867000037,381.5419099235753,382.4847502884498,381.37137054545843,382.606165878025,380.4666215879387,382.20200595215863,383.14569790877414,385.3430312288739,384.2561979405044,383.4891342336635,382.8630893884141
2028-10-01,391.03699679593575,393.4140170228166,375.8741998458421,421.66595329066894,411.603275106225,407.1186590303187,384.00067667555425,384.615610669115,387.0522614358667,383.95342539524967,384.2306244891764,386.27980141957397,387.07421453820564,384.00067667555425,384.99120836133636,384.9242801125322,382.31638736836805,385.289837205039,382.7292790003503,379.8711488641687,381.19063034441285,383.3446414607343,384.6496342610916,381.50796891753737,383.4310376970003,382.6684641076934,383.45688951158235,382.4317373582594,383.50952581150233,381.43329092629455,383.18418996230076,384.1603577152133,386.39079384565144,385.34098129291004,384.7231510870394,383.8390291467702
2029-10-01,392.4009821726401,394.1336760455766,376.1917591351697,428.6923861431504,416.76227655834583,411.0588715454011,384.91565634820944,385.71106873874817,388.48254584558293,384.7490650487427,385.1988965124483,387.4000215785451,388.0949083038112,384.91565634820944,385.91438181224214,385.90517182267916,382.8753846245829,386.271607657602,383.4189116932643,380.58685525038936,381.8148350019186,383.96941973113223,385.3528273867022,382.0221487887271,384.07301522541223,383.6600680532861,384.34292463447525,383.40500003568485,384.37192616084263,382.2242800216051,384.04938180437034,385.0331285008321,387.2048956693477,386.24156304272594,385.80081834267537,384.6311505009484
2030-10-01,394.1273480369683,394.8979230107999,376.7238768168553,436.1813130678141,422.19064051819123,415.1682458613876,386.0296424955003,386.8406677648437,389.8603975300951,385.6480536240065,386.3325552146727,388.58497074234083,389.19338750346327,386.0296424955003,386.91603203223406,386.95880504621647,383.4840191841082,387.25047053895145,384.12951340328664,381.2831984387265,382.5086482348593,384.67655779759605,386.0420311709479,382.6373944546054,384.81169743714884,384.6431688603227,385.2455907527674,384.6306041889586,385.308861775272,383.15256374200135,385.01250041152633,385.978321738248,388.021815007418,387.23368259836263,387.04578005844917,385.49699153372273
2031-10-01,396.2227058491419,395.7093759573471,377.4730725855194,443.3926177382176,427.43224675171905,419.03177652273223,387.24358917231586,388.0516683976099,391.2607337015528,386.7226783726993,387.55838510630326,389.88888398965526,390.4420397634371,387.24358917231586,388.05466951530786,388.1734958455214,384.2537925881769,388.2826101837901,384.93142346788017,382.05670740750827,383.294053149172,385.3893910434879,386.8470559936698,383.4579019744217,385.6823199423483,385.734044243345,386.2997499008704,385.9625647751977,386.25001981174665,384.1874664561482,386.0772573569983,387.0283190493889,388.9230981158753,388.29517531118466,388.296311523867,386.56769369426627
2032-10-01,398.46279814155025,396.35002379361197,378.23158200362064,449.8376792646653,432.0948331153725,422.4198744513725,388.3445031760525,389.1281587317595,392.4684244532712,387.65920876646635,388.5588981789944,391.0430669401787,391.5108265760841,388.3445031760525,389.0197669472024,389.2858203674067,384.91311113637175,389.1143957047778,385.5670262518764,382.8440207671689,384.01168145677946,385.96325132110314,387.652383083923,384.15730256708605,386.49503428845946,386.61855657782024,387.2372644019603,387.05705907865456,386.9899840622105,385.1124339708348,387.0341266195238,388.07251395881826,389.72083219935195,389.1197800062789,389.3479065910271,387.5797198210423
2033-10-01,400.84572574986066,396.8206685070687,378.9984584348807,455.7683412588838,436.24232210224665,425.3016369787221,389.21691736186074,390.04438734593157,393.57692744160005,388.50747688759606,389.3765870402907,392.0839454871597,392.43430874615524,389.21691736186074,389.77448149511577,390.2825900979834,385.5171661940581,389.77849346733746,386.0865178596721,383.5286588639747,384.63509033314375,386.4142050200746,388.27252572584723,384.69784846039283,387.2170366839522,387.3295274620956,388.1296104898794,388.05642578762433,387.63962224479235,385.8090516769795,387.81765626825415,389.04479685528065,390.3221313918958,389.93429450409684,390.2033391521137,388.40493700626894
2034-10-01,403.5888695271053,397.334447465881,379.976577016878,461.2801547997885,440.12703191813654,427.9130190061684,390.2399016773112,390.98035413157163,394.6688003731014,389.45959877022085,390.31264218678325,393.20320035186865,393.3784777276573,390.2399016773112,390.63270940437775,391.38591208349015,386.2234860101689,390.4743348407278,386.76741572378916,384.39426638982775,385.3834902015102,386.9756104068916,389.07346354805026,385.39621953453724,388.0268492970169,388.09403591280017,389.1153906424182,389.23254726937023,388.34633972717955,386.7088052823709,388.68281044606414,390.20658469588454,391.12035260595087,390.74726154017696,391.10146262285485,389.3279183115925
2035-10-01,406.56831802457174,397.9314579397885,381.2807299089878,466.3962436765208,443.80613214061896,430.3172410043614,391.28654012261165,391.92342474441205,395.85476449127697,390.5978938774036,391.2791179514675,394.31689165950695,394.39340040882433,391.28654012261165,391.59758079141466,392.53117452405877,387.03014138775893,391.2347617453733,387.5327503422433,385.3810488232378,386.2278209805898,387.6300913418409,389.94363685482847,386.17297822368755,388.91449656681937,388.922118966983,390.2488731466404,390.54865447989596,389.12502067979756,387.6268431309543,389.6131973670664,391.35259510136586,392.02904280631407,391.7514007421196,391.9902955280237,390.4009290941373
2036-10-01,409.55356383824255,398.39218677287073,382.70153582157445,470.80973953350815,446.9880135117338,432.4077182556747,392.1335186173734,392.8392128312539,397.03408529795064,391.64110909330856,392.0163385168267,395.2927956830706,395.3086815029941,392.1335186173734,392.39947267315796,393.54284763182886,387.7221823956871,391.9569807430317,388.19241079006696,386.2984781641071,386.9131243249787,388.2407320577036,390.670627423399,386.81801125812126,389.5982452355376,389.61977059195823,391.1781744173719,391.76028098185986,389.78661632365834,388.4120036603553,390.49370799895956,392.2995372215902,392.9302492304858,392.7111368517065,392.701206203947,391.33635298255155
2037-10-01,412.54661912246627,398.7190740192363,384.24141813055405,474.5225609551645,449.7804534373525,434.1022580710875,392.83412155877113,393.70538680629704,398.0074246240814,392.64819736221773,392.7210377084185,396.15461399167503,396.0997851800974,392.83412155877113,393.0876308564251,394.41911885297066,388.2987676506916,392.5267779867289,388.80472978330897,387.0151730430782,387.46773292312207,388.73728131299475,391.2239918612531,387.35763320966805,390.2400772692883,390.11315127193996,392.04387767567914,392.76236529708217,390.35499415391456,388.9866515319576,391.33137754646856,393.03037910848576,393.65710903527344,393.5464580934905,393.2308748403903,392.1799241501504
2038-10-01,415.767358856284,399.1301074691885,386.1050223526462,477.771698540327,452.4731060587675,435.77430809334356,393.6086893110922,394.6353985288391,399.1300179332544,393.8456265415114,393.45698871251943,397.039759112082,396.9678748734891,393.6086893110922,393.8542914583433,395.3781406911136,388.97509078233725,393.1382553720656,389.52180076396445,387.73427505012853,388.1288092666032,389.3664403754612,391.8880874127276,388.059670622583,391.05441436542526,390.60954539500113,392.91633609598136,393.7560388493436,391.1092609791688,389.6975644147801,392.20070632893214,393.9778985875173,394.4949196459713,394.44907888546646,393.9240139504779,393.1418865967195
2039-10-01,419.2229009951482,399.62442570995876,388.29593302020135,480.60435555110433,454.94313181258104,437.41774776872273,394.53071373464894,395.65898115166385,400.32988157710963,395.11613775526786,394.325613627825,398.0095370327364,397.92337003423916,394.53071373464894,394.7085630562208,396.34285270118585,389.66233605066674,393.8258267249975,390.3375347787504,388.6532277391633,388.91327308440907,390.06655543956253,392.6462916384021,388.86181121978353,392.0605861137093,391.2200479247832,393.872057455072,394.82964096299594,391.9584159045247,390.4746772473155,393.1343165033248,395.03317171373413,395.4262373777948,395.51902764524147,394.77566236948655,394.21244333771534
2040-10-01,422.41771666310314,400.06582989388255,390.31112480783315,482.7546122507441,457.07776597420343,438.7281266333742,395.2367570093023,396.6060782641231,401.49215077640156,396.18507115695627,395.0598845873993,398.9199389272132,398.76010104677937,395.2367570093023,395.5012134622969,397.1132668143966,390.32417767891786,394.391271840969,390.981381774576,389.4566455220057,389.60034678643416,390.57097444261564,393.3905206368677,389.43801480004345,393.04761180625644,391.74640113014084,394.68231951166575,395.66205935479604,392.7311390285603,391.15758347466937,393.9608608082548,396.0807385106399,396.2087725458455,396.4678247492017,395.40177650509486,395.2019552720768
2041-10-01,425.3628165176998,400.4549803668497,392.15582235752754,484.8288235794824,459.159347560023,440.01376474706603,395.79619804133813,397.4466186829709,402.5393632782995,397.0714055330677,395.6865928477381,399.77458920924244,399.50945266848794,395.79619804133813,396.2343791736836,397.71331040658765,390.79292744681845,394.7898199356451,391.6133952731441,390.1806769593117,390.1822515382374,390.98882737536303,394.01131080490387,389.760378768428,393.9209804322892,392.2726950338588,395.3368549416793,396.44078489096563,393.41370527900847,391.7387077222367,394.6441674022552,396.91562697784485,396.9394324719177,397.3771177198058,395.9077276453073,396.0144681822341
2042-10-01,428.28353662965856,401.0107020573525,394.03706267513724,487.1221215137642,461.43044044367224,441.5304286999752,396.46962113755217,398.4034608685397,403.76362317526207,397.9836205650746,396.4077929369693,400.7066910351758,400.31796720036516,396.46962113755217,397.0932451314831,398.40845236266375,391.348722046827,395.233618725488,392.3370675139864,390.960360389073,390.9169787318,391.489139084191,394.7268529136342,390.2731341637962,394.92981869303753,392.96891701249626,396.17398328097283,397.34066624187386,394.19238406030735,392.40722301394777,395.4961339138212,397.8498623661094,397.7651480012827,398.37640078566454,396.5478423500259,396.9327651740483
2043-10-01,431.19193659042264,401.73866300808476,395.9630647813672,489.627056895322,463.90022892525803,443.29198376330135,397.33141904431443,399.45246514243854,404.9966439605721,399.0641452676367,397.22068435175,401.61193310143625,401.2197341297495,397.33141904431443,398.0448961604002,399.15199173021585,392.0407567940448,395.77466049139196,393.11503186454456,391.8565524873638,391.768055418083,392.11375728974133,395.52500157070074,390.9270706785498,395.99496775125976,393.7558636354928,397.09087426934053,398.29452736136653,395.10316394779744,393.2076981523889,396.48093316962223,398.94524586417367,398.7213412796251,399.3951435267187,397.3712273423447,398.0123368214536
2044-10-01,433.8412426040735,402.41649168014635,397.7117965181477,492.04297849423585,466.3165313545234,445.00727674595174,398.0251158208771,400.4143914298116,406.1132099731356,400.0774642129944,397.94253284496943,402.3763121090093,401.9933066553705,398.0251158208771,398.8427593474854,399.84062842622427,392.5938158574998,396.17514277121035,393.7605112019197,392.5313166144209,392.4532823698041,392.71359761022904,396.1277656932278,391.38620682430894,396.9470393844853,394.53515041754673,397.7736218545875,398.9766226381111,395.9066659323359,393.8963816176862,397.4144311140002,399.8259486660667,399.5446199677677,400.24401435274285,398.08573356649947,398.93057049223427
2045-10-01,436.2804599649483,403.10724029911023,399.2673666360932,494.4064578939513,468.6286519975424,446.6798786384964,398.599307823362,401.33733607851457,407.0143381867964,400.8852145144832,398.5288619794044,403.0363150145817,402.730631455211,398.599307823362,399.5406142692793,400.52485859176517,393.0389536524429,396.5804472664426,394.2891321425741,393.0912479532027,393.06668089167135,393.2811909780163,396.60186660751407,391.73178340687593,397.7960093163336,395.1921144276772,398.3180015931116,399.5912916395765,396.7016560267649,394.4390368509184,398.3038960444298,400.5863438534533,400.3282258105682,400.9331084471173,398.7811254403163,399.76614580393885
2046-10-01,438.7400013716436,404.0285353607734,400.8391129776001,497.27512237888476,471.0621658655435,448.5298986102433,399.24799268195915,402.3169106848858,407.908112028794,401.7914882340723,399.2697941249695,403.72222126688115,403.46895046225256,399.24799268195915,400.38101060202104,401.4075709452253,393.6290224170296,396.9832992468165,395.0030855384562,393.6324176013628,393.8157332383017,394.0049015000733,397.22441668564613,392.1529956010312,398.84046599797136,395.9890311096082,398.98454688768123,400.30170491435155,397.5924993611446,395.0687449220242,399.2706917702105,401.44205691609096,401.1438997783918,401.7175239782457,399.5559634529199,400.7837255079032
2047-10-01,441.22959391903885,405.18422459991433,402.43270824777795,500.6219826290341,473.69144891538417,450.5665397891204,400.005153435185,403.29625775273087,408.9262039726881,402.72828720562285,400.0588116741234,404.5309362647462,404.23721234425244,400.005153435185,401.4215118052683,402.3793891456708,394.3592604339554,397.47871442841995,395.7199286517599,394.26960062245814,394.6776170697228,394.86132683748076,397.97275391249,392.6735663481634,399.99777992349584,396.8704098545231,399.6587171381388,401.1139986033653,398.6495764547482,395.85960483070596,400.28384386607496,402.39136818037866,402.11507066109,402.6072694058079,400.41344528976083,401.8301627391026
2048-10-01,443.50451952050724,406.34840233088016,403.8244750356518,504.24030903178664,476.12625758026434,452.41833796263137,400.64501791147603,404.26911642503273,409.8187849856182,403.452689251085,400.8123251827923,405.1829042255637,404.9147201564143,400.64501791147603,402.3789972171001,403.21668614299875,394.9435661356825,397.8919098062538,396.3919459531247,394.90013814817496,395.4162093078729,395.56040742974767,398.6737934674019,393.1014859034332,400.92408507379577,397.64701007621153,400.23249508143425,401.7807363225772,399.51168137678224,396.5925433323921,401.23267950589207,403.1341447844676,402.94125345893974,403.4544559432683,401.07616288726956,402.7307072632482
2049-10-01,445.57029260475235,407.52671279501794,405.018675609153,508.0649032012698,478.44536503724095,454.107269668618,401.2394699387422,405.0326145572413,410.49088385737616,404.0725337004511,401.4726380600443,405.79301079203293,405.50822562480727,401.2394699387422,403.23293688639416,403.91830838257727,395.48898913549993,398.23531106516447,396.92481482260354,395.29085609346674,396.0499959090971,396.169051974969,399.3503670446766,393.4291753777079,401.738650398202,398.18271739421357,400.68954839982587,402.4239521286941,400.27072978538797,397.2901150685431,402.004411629591,403.85754336305376,403.6734479467374,404.1944832454729,401.6869825761534,403.4963192533632
2050-10-01,447.66364488401206,408.8838468947623,406.37177095281714,512.2912338016731,480.87778685403066,455.9447468128818,401.99192354158566,405.825136453874,411.31538593165334,404.7821748999968,402.235326073475,406.5688941958552,406.2142107561523,401.99192354158566,404.10513056366204,404.7626512454188,396.05596770695666,398.7178473885234,397.63115925412956,395.8792740973828,396.78451030663945,396.9689637587627,400.05314224100107,393.89460882571683,402.5355559607559,398.7755396051904,401.34970896498146,403.2212409277981,401.07835850184154,398.0216122103492,402.98348085602424,404.6060133429131,404.5207381235837,405.00992676208193,402.48530080889657,404.31162908280356
2051-10-01,449.7895153969259,410.4248605585799,407.88958522005726,516.8284116722098,483.3287020532245,457.9891210515898,402.84743787817445,406.7600014288802,412.2251716068264,405.62988051737943,403.18075121717067,407.4450505384706,406.9964379273378,402.84743787817445,404.99539322865303,405.7697594743251,396.73880358840717,399.41095148239816,398.34429290436236,396.6485542615527,397.60995545502846,397.9472414325106,400.9388807473271,394.50034921681396,403.42646969801353,399.3566158467681,402.1895064959476,404.0365106553901,401.96883049483495,398.85050769671716,404.0558315847572,405.46793852823185,405.36968395278944,405.85075994181796,403.4482763971184,405.1916914385687
2052-10-01,451.6937423104272,411.91984352009587,409.3444105790881,521.2964001843427,485.604944998458,459.90531038679535,403.5407630468486,407.637856396998,412.98367033123503,406.48974093795243,404.0174195877233,408.2502817983661,407.6984069263746,403.5407630468486,405.79943929874787,406.6380760539402,397.38722616551155,400.01185323656466,398.94276163693996,397.32917134017515,398.2084630629859,398.8127473561155,401.69130048275446,395.0116154644443,404.1998545523139,399.8052990140293,402.7842363167204,404.7389263817721,402.82445621518906,399.57920275546803,404.90556819434977,406.2146383202166,406.0906077552055,406.61060920371284,404.2660734020612,405.86282266986774
2053-10-01,453.38032401646933,413.3682458897242,410.7377401046532,525.6919061259373,487.707556712464,461.7937536385264,404.1533728277923,408.38543485279695,413.61037904899956,407.18253468155615,404.7153227917762,408.9821022637087,408.256053841143,404.1533728277923,406.4402659184815,407.37121960238375,397.85695523764775,400.5208023766776,399.46845021562285,397.85088054642256,398.7418152152712,399.55555077437975,402.3516150904109,395.4273446175404,404.8276350871138,400.12108623787816,403.22041412797773,405.2840499141925,403.618264375517,400.19394049382333,405.6509963179409,406.741389038135,406.6749022466284,407.3186446282185,404.9156928490215,406.31223626335486
2054-10-01,455.0918509036186,414.9956816324169,412.2941017558007,530.3404555715645,489.8850457473677,463.80680637789135,404.9540897054239,409.27686394917714,414.4384491701479,407.8965206716432,405.5872041927943,409.8345179641615,408.9892154094192,404.9540897054239,407.1945335925432,408.08917368227907,398.43837711616504,401.16581767103617,400.1044005013769,398.495429336223,399.3411509197477,400.3076230929301,403.1579633808713,395.935812601749,405.5740772660466,400.41926549410334,403.78462388963004,406.0508374128201,404.43591462165693,400.80850159651726,406.45365883194097,407.38005279144966,407.2843722872973,408.1477584429706,405.8090218310502,406.9578789112776
2055-10-01,456.890337979577,416.7805880337452,414.0168266441345,535.2211018450132,492.150522956036,466.0037232769817,405.8938149770656,410.276136015887,415.44518008090097,408.7151431557551,406.57715739492505,410.7555265449975,409.8971777816049,405.8938149770656,408.04117604421475,408.8390387368987,399.10354213010635,401.7769594297797,400.8365832672603,399.3164914602963,400.01315146263096,401.16879012927484,404.13775640027484,396.55980723406753,406.44079443365405,400.87495044075104,404.4381847122198,406.8524673784066,405.3437997781804,401.6027954849148,407.3020385442706,408.2365238307416,408.0047628281958,409.00480185519825,406.7075350860187,407.6183665733257
2056-10-01,458.5204809883232,418.4923556556825,415.6744774429586,539.6434586996912,494.2405500675147,468.0559493188806,406.69467725540824,411.17066538136925,416.4267605889674,409.3652860957385,407.41432299686437,411.5409818652155,410.67909688523,406.69467725540824,408.72072922761686,409.3666048031789,399.56920203993496,402.34743619125686,401.35994926466435,400.1424639236673,400.6496586509333,401.78666039257683,404.9609015710103,397.1604726802484,407.0989490122337,401.19095949100085,405.07952976329386,407.5261405332866,406.22942990714716,402.3545048534123,407.9467415623793,408.9353776216659,408.5656890632241,409.6479768501893,407.49104655236397,408.10078728911407
2057-10-01,459.98968955699104,420.1319091738058,417.2712789190132,543.6471749759742,496.0509022303105,469.94566285400333,407.375075337763,411.938640759238,417.27011290889794,409.9795255701853,408.1486789681063,412.27259344858675,411.3568136688952,407.375075337763,409.18124573981527,409.8068883456931,399.88821459919416,402.8874528312775,401.8711606418948,400.888554684003,401.19808430560414,402.25542095544745,405.68542448618393,397.67345262773586,407.5314715013107,401.5269677644872,405.6098690192248,408.20172671847007,406.8909393084533,403.0409574211897,408.54420740294444,409.50826232724006,409.0221562398609,410.2752812428624,408.2332302351687,408.47909572108495
2058-10-01,461.53981949595783,421.9265533782744,419.0316937992566,547.5235188498609,497.9377977297211,471.95976691682046,408.15506662997564,412.8317237568763,418.2197297910645,410.700207632248,408.8934547683119,413.2201967897913,412.1537592951593,408.15506662997564,409.7566118866745,410.36720674972787,400.399579393366,403.5259409663369,402.4231047119228,401.6780609376335,401.73342773963253,402.8424891009233,406.52599754063056,398.2746953478431,408.1762874108063,401.9671451174722,406.22495629763847,408.9702210839387,407.74119258712255,403.74586142652385,409.28717855369416,410.27232914344404,409.61265832063555,410.8932897768931,409.1457796124183,408.9949424730772
2059-10-01,463.17761813849785,423.8794662772513,420.9620884838565,551.2906629653359,499.89547567756364,474.1463386530947,408.95029966471577,413.94625985998243,419.28525920407765,411.6188152996706,409.84243516258374,414.1609089609835,413.1255969774791,408.95029966471577,410.4460167313058,411.1510754767907,400.9329506021918,404.25531708723224,403.16239613041864,402.58840528599035,402.39329815008756,403.5038856929326,407.46150248224666,398.96420699733073,408.914527793863,402.5482531370045,406.9498759463305,409.8379288621292,408.74281475926165,404.4656326570642,410.130962504523,411.08765410793455,410.31189347492,411.51045094136026,410.045836014625,409.60328362964367
2060-10-01,464.6821945933299,425.7592549219891,422.75801660362674,554.6334636051953,501.6010076513544,476.1532358450483,409.5860202631819,414.94311907137234,420.0992453183464,412.4367488777272,410.7405968296588,414.83286141346144,414.0975358820606,409.5860202631819,411.02203637499787,411.8030685623078,401.3639694079946,404.81653327487527,403.68464212643187,403.3676104976511,403.0382930730681,403.9863407854215,408.27627790253536,399.5448566308572,409.5489517541142,403.146353741804,407.51145941294425,410.524583847454,409.6340444707789,405.114759829208,410.86129652552137,411.75122942534136,410.99914440793435,412.0256157614711,410.7661446863036,410.1399153835743
2061-10-01,466.0526156530108,427.5717053361691,424.4214556908335,557.7210508533882,503.2362340720447,477.99278940464603,410.21734626634304,415.73142245372975,420.81904316283646,413.22568469858663,411.5505702796371,415.3440113665686,414.96022517265567,410.21734626634304,411.46785846732064,412.2309547520043,401.6853406091276,405.1422353268063,404.0807020870344,404.01996859756724,403.5552669073654,404.2883721392467,408.96366652746156,400.02569838485044,410.14747816885347,403.7507141341233,407.8907651889827,411.12299175867764,410.3951036109103,405.66539038486917,411.53934474499647,412.25141538509405,411.67084369255315,412.5271081107245,411.31048301232767,410.5766419309224
2062-10-01,467.54176613651407,429.54574241374667,426.18296865819366,560.9161320978444,505.0134788108177,479.97704529159745,410.9852224453677,416.50268893935174,421.66536892469213,414.0665559390799,412.46426240631644,416.0413964660139,416.01138446208626,410.9852224453677,411.96930613511887,412.79263651051735,402.03303105681005,405.66433295128246,404.59094382410876,404.80053512656843,404.1771764754182,404.7136553835503,409.6859195622975,400.594070358568,410.8319124193249,404.40210583958327,408.4231856697793,411.8685232521293,411.1867025992351,406.3310391690417,412.3595809678224,412.77626119335434,412.4744450724405,413.09889543085836,412.0423886851451,411.1315737181885
2063-10-01,469.15423669541485,431.68913103565484,428.04928373567344,564.2064155947407,506.92033210971977,481.9855021507189,411.7497891365864,417.3761973081545,422.63483266869827,414.97200580409407,413.4739423247358,416.8398178339747,417.1581662860758,411.7497891365864,412.60018470258757,413.4508553517254,402.55337026764954,406.30159787554993,405.1673504093372,405.7141440482609,404.82973420553753,405.21683566030947,410.55341084552776,401.22101401390125,411.65318806381157,405.21660542978486,409.1867798874529,412.82179428698237,411.9993324148246,407.07768700401266,413.23866028692476,413.4701453042727,413.3814890861587,413.75900706470793,412.9547941620961,411.814870199288
2064-10-01,470.62937872994036,433.75369534613253,429.78036840967235,567.299471535906,508.693446884444,483.8879448490417,412.43732382592134,418.06674882882197,423.465862411559,415.8516692413012,414.27700275965447,417.62516552541183,418.10273700812985,412.43732382592134,413.08235951886627,414.0796588487636,402.93241303012786,406.80938333371193,405.6208621873692,406.5278282417303,405.47400365281607,405.602055194384,411.2564152198556,401.7351341218395,412.35030264833205,405.9125223470356,409.8393124749662,413.56838110269956,412.7113652990379,407.79699968506463,414.0039745953939,414.14283817146327,414.1705578644449,414.392900690083,413.67901328955924,412.3041157511378
2065-10-01,471.96765665132415,435.7335021612456,431.35178333379554,570.1769512711886,510.3452593184285,485.65288769905965,413.0568446285064,418.5405637903532,424.1030978075605,416.60925480473435,415.02446735433296,418.411791871509,418.8186781909941,413.0568446285064,413.45115369590604,414.6934134397623,403.2885196929054,407.2877940367447,406.000433120381,407.1746725346902,406.0431440888665,405.7718998999038,411.8624806790793,402.1704253460724,412.9280797519733,406.43509151705564,410.3716946847803,414.2041818027731,413.237855780508,408.4426322107845,414.7283098334333,414.67973832667195,414.73496060072,415.00467972785646,414.3746725818979,412.6486305891065
2066-10-01,473.4252139584279,437.8611292750117,432.99260988678896,573.2238030773,512.2153546400889,487.43689061064276,413.8186754313236,419.1936183944298,424.77715063399955,417.5759066576573,415.8926830107459,419.2918886249042,419.6533926068655,413.8186754313236,413.96001994055604,415.4119790854038,403.7891606541316,407.8360120119599,406.538035994881,407.8152190277434,406.6070070278069,406.06171976113285,412.57550751678156,402.7018595975275,413.6451080376154,407.16153579317063,410.9100517246732,414.91461706166035,413.8854891364732,409.10299996983133,415.5670528590822,415.3489533752201,415.4062385059413,415.7182304494983,415.2903341115533,413.09394730125877
2067-10-01,475.0057565159088,440.1457806073416,434.70570139435256,576.372195755341,514.322689625328,489.25407076021145,414.67301844111336,419.9679330619121,425.5738448904809,418.6330163005838,416.8421409133756,420.1874429979017,420.5803888931424,414.67301844111336,414.5551216280454,416.3257412012548,404.39245113237206,408.38434354760824,407.0970148087199,408.54542146615046,407.2528541471583,406.42265608022586,413.3429518386368,403.36360998665515,414.50734588382164,407.9887608379307,411.5781230254546,415.6252513168195,414.7913153880454,409.7610224963012,416.4380929468358,416.1137861089625,416.0767433210851,416.5339654923879,416.34745776282546,413.7568861151899
2068-10-01,476.4447020597592,442.3369500719447,436.2503538309726,579.2402270572147,516.3356780861789,490.8694254328444,415.4161285416377,420.6286247258704,426.16227554162754,419.5593823103757,417.6784141640742,420.85663529841094,421.35342242605157,415.4161285416377,415.0224116725243,417.21053771645427,404.8493771533707,408.8542873036054,407.60400179374176,409.2221450651369,407.9151263754137,406.6376594241434,413.980571473944,403.89028124015306,415.25420711897766,408.7769949838807,412.1367649499539,416.338191576165,415.58303040834454,410.281504161211,417.06121299915037,416.6806994071286,416.6342201725195,417.25030021748705,417.1799581494223,414.26369154030465
2069-10-01,477.7430359595078,444.44528361309983,437.6308124570636,581.9362485260074,518.2996546917157,492.27065745266964,416.04419318948976,421.0470655503112,426.71717373239824,420.3432978818411,418.2656381178028,421.4054084357705,422.00349937323483,416.04419318948976,415.34980927890285,417.88387313318736,405.2387058702087,409.19666304943706,407.9711355157999,409.7363736476403,408.46037652780893,406.77187141695,414.5265523402294,404.34176351685306,415.8068752461528,409.402977184817,412.57120818394725,416.93791411892573,416.1441817843086,410.6868363331463,417.6202803182552,417.16291867463787,417.18922640601005,417.8798509248133,418.01395283427394,414.75346103120836
2070-10-01,479.2108912507392,446.68720103315945,439.1845073485395,584.7587313323386,520.4742504022225,493.71874443614433,416.85259177427344,421.62871940789637,427.4350640668563,421.2509511681301,418.95127012042474,422.1202196364314,422.6813046075167,416.85259177427344,415.8611458077876,418.73515397811946,405.82257528492187,409.72550750457276,408.55423939110085,410.3231280738936,409.04689625881065,407.08098568940693,415.1678437466745,404.98106913833874,416.4596627305344,410.0455228739867,413.167356701442,417.75896332949867,416.91937154270715,411.187246164112,418.17889898543126,417.7685160314526,417.7154931178916,418.68753023018905,419.05071558593283,415.307239458952
2071-10-01,480.8568209147326,449.0682014473076,440.91690006265924,587.6298496608958,522.8428662364953,495.1607734612352,417.7619243648825,422.32497457606667,428.22176263879084,422.2257523045861,419.6176267232445,422.9117134670513,423.4714116091335,417.7619243648825,416.48951780601584,419.8429920242032,406.5977611811303,410.43170666329013,409.32228081920977,410.9974613267701,409.8538489571289,407.5089466985707,415.932992094224,405.7128983326774,417.1434096800106,410.6532267424541,413.9485591713804,418.7730604398719,417.8142749092497,411.8925585799965,418.9031148064988,418.58504725314396,418.26413842578387,419.49881984932483,420.2784006771056,415.93630061764514
2072-10-01,482.4097201783321,451.3343370026232,442.58172715334285,590.2296950559249,525.0373079189508,496.35256413101934,418.5430727513702,423.008823913345,428.8124035844594,423.1110515684205,420.1502590663732,423.45594909249365,424.00283669346857,418.5430727513702,416.9243484361808,420.80005846469237,407.3591943176711,410.90622659473127,409.9738803127261,411.472191932213,410.55426412930245,407.78443139080446,416.56414551460483,406.2567022546658,417.72161288079076,411.14373294308405,414.58212159210024,419.5913389732642,418.5677758555688,412.47178204729573,419.4999988156231,419.2790787144724,418.6765283702568,420.20978832903336,421.28431734271396,416.5293991154372
2073-10-01,483.8755993452457,453.49220678776055,444.177694076441,592.5653297456113,527.1159599846167,497.288373263318,419.29871378351237,423.55732575603963,429.3085842705926,423.91033948085334,420.578254524793,423.9756300722479,424.51365582446505,419.29871378351237,417.2347566397386,421.64850581278796,407.9271131372922,411.3033778940098,410.5696829709635,411.91162210188577,411.2051283679251,407.9610331359279,417.11937531908626,406.6994598322132,418.28740790308694,411.56468681281706,415.0979394671989,420.2017880765492,419.2304988747477,412.9629403966663,419.95010726914245,419.8258959002442,418.94270979224785,420.76379605965974,422.091228674577,416.9908343688804
2074-10-01,485.51689877763727,455.786566236149,445.9450688287719,594.9936431085489,529.3374452633999,498.21820778416594,420.0534406623883,424.2205688502221,429.8309276248169,424.84879327223433,421.12234084501017,424.5311648523052,425.1128613218833,420.0534406623883,417.66716782923334,422.54310775130455,408.6399254813595,411.82053622322763,411.30519862173867,412.4590572220174,411.86572445616804,408.37380877849245,417.7409852581198,407.3432043769832,418.84809443489974,412.13325418200264,415.679724974815,420.9996990514922,420.08516382998295,413.5558491859999,420.4849602622436,420.4066860113987,419.4198905651895,421.34533787466546,423.0324385436511,417.5341491231526
2075-10-01,487.2973738705938,458.2656175839887,447.8178072238699,597.494440883753,531.6989131039419,499.1200644004046,420.853416192782,425.1388041639683,430.4740032209708,425.9793974918895,421.67073735582,425.148312882117,425.80369092837265,420.853416192782,418.1910850961275,423.52219777747297,409.3725048089069,412.3790621183107,412.14513153213977,413.2286067974299,412.57201231805146,408.91549059658473,418.3943399037594,408.18917792445575,419.60844101631784,412.89510714636765,416.3467628504694,421.87705181886287,421.08132179947154,414.1614717619294,421.0365021245267,421.1001021517638,420.12710917952415,421.9275989962874,424.09792289173413,418.3048332361899
2076-10-01,488.94753711042097,460.66950070580094,449.5478112549611,599.7046254607814,533.8128594417998,499.8077579856698,421.5434484130698,425.917525130996,431.08330018980666,426.87829499011707,422.20042628945794,425.68150034529845,426.39574165828526,421.5434484130698,418.5559967429143,424.36308489066494,410.0843170031911,412.7516285650543,412.8162165883151,413.9606655951059,413.2585711334955,409.4333311972068,418.95930323663924,408.96549413518153,420.20605151971296,413.5102327059959,416.91543767867444,422.64247120969065,421.8409322069583,414.68373142374213,421.4787896976389,421.7668166136524,420.8001925830087,422.4324790715311,425.0267406817591,419.02919428425366
2077-10-01,490.4675160739721,463.0028277151094,451.14101893567175,601.6779757802975,535.7313576601102,500.2908266076476,422.2184911115131,426.57059948275173,431.6404746490631,427.52935281589924,422.6930638434269,426.07659873685697,426.9563971716519,422.2184911115131,418.8375492156856,425.0186882462226,410.68384911147234,413.0320681806026,413.45870294817166,414.57005620484153,413.86598519911024,409.8656280753645,419.4169884998293,409.7214548328492,420.7391273637883,413.8844027234384,417.424429781233,423.29328738790707,422.37839279807974,415.09082792817617,421.8060673207863,422.44119585282186,421.43633299790406,422.8131554878385,425.7672761328742,419.6195165704081
2078-10-01,492.1236140780717,465.51611354779817,452.83819696548414,603.7571230883892,537.7258785890793,500.82355320148935,422.98228291411294,427.240235285138,432.30989663686023,428.3238728051989,423.29150897915827,426.61107053054576,427.7247692239713,422.98228291411294,419.21279950661085,425.6854090741667,411.45850250846206,413.49705507102783,414.15364297296264,415.1951005884583,414.586964683293,410.4296722346891,419.9784411652196,410.50071589603823,421.38173611934945,414.39114482751967,418.10239238441056,423.9510005017476,423.04205639145823,415.7376203706302,422.33450553669064,423.2058420649708,422.1658627738719,423.4483640856689,426.6679708959331,420.44922896415284
2079-10-01,493.9252478809509,468.21410366606017,454.6428420330227,605.9260114893478,539.8422124852024,501.3731880433696,423.85084341330713,428.0917376325289,432.9867577524158,429.2389785548248,424.0615647335503,427.3808194019871,428.54575466794495,423.85084341330713,419.7230081050808,426.44196479164964,412.3485807955052,414.159764316504,415.01365192716,416.06123503465614,415.3545159902307,411.1989761373282,420.5533905236829,411.44335257317755,422.17676632678933,415.0413915852549,419.0016797129104,424.62210298963674,423.8306253865868,416.51412489939804,422.9736567587114,424.0432532366638,422.87848735429617,424.1941724263812,427.607584437775,421.313105439595
2080-10-01,495.574861772237,470.81626287556594,456.26807442907585,607.8597077775919,541.724179768742,501.70048972561244,424.52873590499183,428.81786547323753,433.51425124566157,429.98111167800863,424.7517442219256,428.03222316051244,429.3168485061377,424.52873590499183,420.1282780831522,427.0975248205883,413.0470956576267,414.67758378182134,415.6840747437862,416.8664631539641,416.000672421285,411.7954513607989,421.03338696059865,412.2429672743741,422.8819432237089,415.587703648289,419.804577601208,425.0782799380871,424.3973567853228,417.2233382151233,423.5236740358957,424.7918076728615,423.5217270284127,424.8154959777912,428.3026914229855,422.09213520276205
2081-10-01,497.07612958881316,473.32721740274394,457.7169775369356,609.5450508877321,543.304150565173,501.7774513884127,425.0072402845044,429.45157753754285,433.96478166902295,430.53084497585695,425.31757376463804,428.5602476581456,429.8415139807268,425.0072402845044,420.50039004352067,427.5033076674047,413.6578692544073,415.10745088269476,416.2763712171674,417.46957225136083,416.55320601597214,412.33816835279396,421.28292566620655,413.0167819656823,423.5810265537868,416.16084012153897,420.49972811582103,425.29821614795384,424.82460763359586,417.82808399903354,423.85477063408473,425.3685963777026,424.05517180698206,425.3792803208853,428.79953014974546,422.76908894971785
2082-10-01,498.6996421304745,476.00100564597676,459.23450141156974,611.3134773932937,544.9198500481242,501.84946037772386,425.6818198808284,430.10505230129246,434.5583412390056,431.130984585841,426.0353260830096,429.2414388701071,430.51986457377615,425.6818198808284,420.98301039881426,428.0004174200018,414.3061274175144,415.77445886218914,417.078360711764,418.2474282836275,417.3181445573965,413.00597404150176,421.6537552832071,413.8745550839285,424.31468017572445,416.83027747275037,421.30587880391397,425.65174460819105,425.37029760567174,418.5009433173591,424.33315544035185,426.05531977690526,424.7696806624399,426.06922248270587,429.4680922107453,423.547319221176
2083-10-01,500.44932642352035,478.8448162498257,460.83096045402846,613.1935059395908,546.5929995476247,501.94587494204023,426.3633614684003,430.87915552224194,435.22687833204446,431.8294575722228,426.88519129018204,429.9532489195828,431.24870428396207,426.3633614684003,421.62752651906357,428.7174619155401,415.14334257352857,416.60016095481643,418.04994707243895,419.0190892744739,418.13492864556235,413.7916137247844,422.1387597062263,414.94599029223383,425.1486345217592,417.5981838525756,422.1218421415821,426.1856712924059,426.0802383519141,419.27577862773194,424.95500378939033,426.8658193235363,425.6207516347375,426.8486303102791,430.26864157611635,424.5373142971859
2084-10-01,502.0491718956317,481.5913360613132,462.24839658626223,614.8026655168069,548.0158767453775,501.78479257996804,427.0078351387441,431.5101216108251,435.8008273949158,432.2881974097974,427.6223912295209,430.62741769311543,431.8900451758797,427.0078351387441,422.1480887357975,429.31308451195736,415.96063394389114,417.3705033438002,418.7775571006647,419.6691025166836,418.9187052793457,414.4377091265851,422.5293354697639,415.82602567685245,425.971483119182,418.21889524407413,422.82497638344523,426.5291268701079,426.6347610988843,419.92774310843896,425.48186415718146,427.59846176119436,426.2990610606269,427.5102841823289,430.906694018327,425.44414262754333
2085-10-01,503.49716159485513,484.2173821779876,463.4785012403151,616.1332543758069,549.1660310425575,501.3831618935763,427.56957028608105,432.0084866344843,436.28542072166493,432.55721126773204,428.3095075951649,431.21988805667297,432.52378956439935,427.56957028608105,422.6134909786225,429.6919258484815,416.6842087853611,418.0670072937046,419.3564411033659,420.16373131751334,419.6341144190216,414.955140517615,422.8904644181431,416.45456727610525,426.5629054737058,418.6285494745579,423.426923680453,426.7873853166702,427.09955365450185,420.56155931304284,425.88040780364156,428.15524940146815,426.750433338629,428.137334610194,431.319532227533,426.1330755631551
2086-10-01,505.06278542767194,486.9862881094923,464.77233763917286,617.5533022807558,550.4166901493525,500.9634962050697,428.2288755928802,432.55713894445637,436.81598044683517,433.0556077274972,429.0820077374913,431.94000668037023,433.3576450720424,428.2288755928802,423.31504134583975,430.19306616311286,417.45823771473187,419.008163433269,420.1364688094168,420.8060653141125,420.35755103092424,415.52721091502355,423.35762926352743,417.0843182968665,427.3805434121381,419.12089427694065,424.2041351283648,427.2371413765105,427.70370931191354,421.2877510689503,426.37638482273644,428.7286755989688,427.3588274310122,428.8873074884714,431.837286334679,426.83549103489497
2087-10-01,506.75607660247505,489.9036288728829,466.13578779776543,619.0711121394315,551.7594362846646,500.51176048307707,428.95329781414586,433.3350696045689,437.3348416744287,433.7446439594837,429.9223445995294,432.78170179101926,434.28032545676416,428.95329781414586,424.0796957556078,430.8982088396057,418.3683995590286,420.0927205777995,420.99440041512406,421.62829125524814,421.2941500441435,416.2404433648121,424.05885977662126,417.7423626779183,428.2371035196996,419.8297339592671,425.144771506868,427.7988961385079,428.5128040690089,422.1252091222539,426.96722274823617,429.32114370586135,428.02538467655785,429.77582992825717,432.5197500540744,427.5957689359326
2088-10-01,508.2943928355295,492.69512358281975,467.3102380017664,620.3421159468072,552.8925762599565,499.7837681817383,429.600069206176,433.9581435666406,437.78187552399186,434.37160172478696,430.6397423710417,433.6008173334085,434.97993612926496,429.600069206176,424.6956943985485,431.5242613517953,419.09783732427206,420.9906687698084,421.7683105963368,422.4102432077204,422.00169222782006,416.8454525829653,424.5631051136762,418.30974273528466,428.8872308416265,420.3457132949783,425.8942521617225,428.2290981369303,429.2198554722351,422.83545229602197,427.36031794195804,429.88555972771667,428.59350761017834,430.3842502487896,433.07492196895953,428.1173200133109
2089-10-01,509.67765741432305,495.3630292890305,468.2987844378978,621.3293516645825,553.7869644145505,498.78720523768334,430.22622436685606,434.43997550099937,438.11824371973034,434.81266920304444,431.2066192476952,434.23719485533127,435.55232264371864,430.22622436685606,425.21132338167183,432.0665644143638,419.7168500146894,421.7263050698377,422.4232298682281,422.997478163156,422.5527191100371,417.2561481085324,424.93481479816256,418.672821674298,429.48406799658113,420.7292782401444,426.39822684106696,428.52311701730497,429.88301835946504,423.50117954232456,427.58103503441936,430.27657423004257,429.1559708731246,430.9198705975183,433.5026628253845,428.62319114865676
2090-10-01,511.1653587798108,498.1669895342094,469.3685775099967,622.4266151308698,554.8062402128846,497.8271519950639,431.08460268479286,435.0067915258352,438.55082280333284,435.45861810068436,431.7568595914696,434.96838642646617,436.171124218522,431.08460268479286,425.7403182454823,432.74769459707176,420.4570822336559,422.54185545130093,423.2076381844935,423.63759889440723,423.1709865303309,417.7939193015438,425.38783350396426,419.05356425851585,430.1999063391011,421.29907273021735,426.93529581569976,428.9313744579723,430.6652159568047,424.26144259783666,427.9215476270344,430.85964287983563,429.8095120136145,431.5669637724412,434.0646563508629,429.24082170874334
2091-10-01,512.7623452626261,501.11478467659583,470.5260117666976,623.6168818347785,556.0673804183765,496.8259814807534,432.0519981432467,435.6901145411198,439.0828635437356,436.2645578273438,432.48254697182244,435.8912707691462,436.92486864559834,432.0519981432467,426.30211451997627,433.529311200383,421.24710328154504,423.4100573798235,424.00669278069597,424.4316387840445,423.89503902968846,418.3743459054557,425.99000427568717,419.4873635944094,430.9373271906869,421.8427658084214,427.5282852691792,429.4783101154002,431.6420396790215,425.0024654599855,428.5011166110447,431.56836524883727,430.6685738877942,432.294531232626,434.75293757004454,430.09097285960144
2092-10-01,514.1864790200585,503.92921238973565,471.5092551362368,624.5825816469711,557.2979607878922,495.5307691418051,432.81376104147023,436.28123514786137,439.4496796597309,436.947255672476,433.05596680326744,436.6838688886852,437.6177269701914,432.81376104147023,426.7787059659263,434.2045868187914,422.009369437688,424.14104905681097,424.57192246934426,425.0293109957391,424.4298062083594,418.8419334569354,426.4631709534585,419.8049551612132,431.64655816160655,422.32735072848874,428.0829492577042,429.90953475700235,432.54563048811707,425.66175294182887,428.9141741425536,432.22243714860696,431.31674895265485,432.8964001179671,435.2759995246307,430.8051201230983
2093-10-01,515.4391628620227,506.615963768403,472.3203647519169,625.294412321505,558.463851589415,493.9244113634466,433.5001827866084,436.87110696819707,439.75580368155045,437.50894136503695,433.5355967218835,437.4395238763842,438.2091919234528,433.5001827866084,427.11676727805826,434.67423629558164,422.68447004828494,424.6977194818961,424.9107658314718,425.65774672498657,424.8500042822917,419.2147626074826,426.75288554024263,419.9969834635409,432.1804080817713,422.62295463486424,428.5362298092,430.22532023672636,433.22539536153164,426.21484220887504,429.19773016454445,432.75734217988185,431.84088978891214,433.4829800238337,435.6666861000933,431.28047332831864
2094-10-01,516.7951151471091,509.44509566543377,473.2148543661939,626.1083210012341,559.8658132127082,492.29495345693914,434.28262832059545,437.701623776734,440.2606346957252,438.2192863108147,434.21250697362166,438.1617157970859,438.88924225336086,434.28262832059545,427.65555220177146,435.3261894022692,423.3662975262885,425.3754165781127,425.45170732019733,426.48577627314023,425.301166476504,419.64301294300395,427.19581192581916,420.3994041648646,432.8231680948147,423.05272577864025,429.21586345954546,430.7118944218635,433.98710597321804,426.8281038722895,429.61794967842195,433.32595682764077,432.454158921832,434.1999777524087,436.18340483194817,431.8340752889997
2095-10-01,518.2733598916672,512.4527431911871,474.2119386099607,627.0322327582335,561.5305724097932,490.649688767265,435.2162148953513,438.57993816361204,440.8628062671875,439.04831367069403,434.97993114734675,438.95903424863764,439.69748785351356,435.2162148953513,428.37151172748037,436.10341876001746,424.2593288903901,426.1653733756986,426.19304274067906,427.3618115860498,425.94291660964063,420.28018914875713,427.7620128059646,420.951633307446,433.62650210757374,423.7034671569236,430.04804227882335,431.29795361856276,434.8536066758644,427.5199235305443,430.16909733523755,433.9700831813366,433.1981492935559,435.0175895301312,436.8612390721888,432.5261296880859
2096-10-01,519.5886071587959,515.3456648204941,475.0496972202086,627.688532022116,562.932843761029,489.0226737597339,436.10979155938514,439.2758729906994,441.356222434296,439.6836624066294,435.58014180251183,439.653799079577,440.35764332582465,436.10979155938514,428.9007404377351,436.7479829132323,425.0400518545988,426.763703328263,426.8337926079902,428.0228383591776,426.4861210189482,420.83907799133505,428.20119247070795,421.41438800411777,434.2146383074264,424.275883697998,430.6768984019215,431.70328488053,435.69326777161876,428.1759574486655,430.71105841143617,434.5179573046659,433.72751220026373,435.7701380296442,437.3653600589567,433.13416116993915
2097-10-01,520.7440303382295,518.1369622234582,475.728593808867,628.0901366673016,564.0698852176878,487.4097808746134,436.83296659465384,439.7581398000286,441.78452384709453,440.18961851271416,436.0107920254362,440.27264630254575,440.9574820519498,436.83296659465384,429.32068225763743,437.1911947662322,425.7666442550502,427.1992870210688,427.36055161305956,428.490745372934,426.79646280088343,421.27372024020434,428.51829625137515,421.7719724280561,434.70964953343935,424.65676496572075,431.12557574868936,431.9828528396926,436.41162811027954,428.7848242046929,431.2315861949599,435.06145207262045,434.23356542945146,436.3221013680658,437.68535895313505,433.60621591859444
2098-10-01,522.019170920098,521.097013153031,476.50662401825366,628.5692234229357,565.2496895758993,486.05394082732545,437.63317257509925,440.3743233981061,442.3039118236435,440.8258987299123,436.6025348928976,440.9438004516452,441.73384885159766,437.63317257509925,429.8913086638628,437.79556474751723,426.64254255230327,427.75986762171567,427.9116010400668,429.02281495674305,427.31278751633397,421.8044217162137,429.06025461138995,422.3402882107224,435.4148037672009,425.1411860659561,431.67414733707574,432.5012168998507,437.2005779706462,429.4119025855305,431.83357722368874,435.7223983788049,434.8263373061483,436.98415197270367,438.1335510853038,434.3304223139463
